#,Name,Type 1;Type 2,HP,Attack,Defense,Generation
1,Bulbasaur,Grass;Poison,45,49,49,1
470,Leafeon,Grass;,65,110,130,4
140,Kabuto,Rock;Water,30,80,90,1
2,Ivysaur,Grass;Poison,60,62,63,1
3,Venusaur,Grass;Poison,80,82,83,1
4,Charmander,Fire;,39,52,43,1
5,Charmeleon,Fire;,58,64,58,1
6,Charizard,Fire;Flying,78,84,78,1
462,Magnezone,Electric;Steel,70,70,115,4
7,Squirtle,Water;,44,48,65,1
241,Miltank,Normal;,95,80,105,2
519,Pidove,Normal;Flying,50,55,50,5
302,Sableye,Dark;Ghost,50,75,75,3
389,Torterra,Grass;Ground,95,109,105,4
570,Zorua,Dark;,40,65,40,5
8,Wartortle,Water;,59,63,80,1
46,Paras,Bug;Grass,35,70,55,1
9,Blastoise,Water;,79,83,100,1
10,Caterpie,Bug;,45,30,35,1
555,DarmanitanZen Mode,Fire;Psychic,105,30,105,5
11,Metapod,Bug;,50,20,55,1
12,Butterfree,Bug;Flying,60,45,50,1
41,Zubat,Poison;Flying,40,45,35,1
13,Weedle,Bug;Poison,40,35,30,1
14,Kakuna,Bug;Poison,45,25,50,1
15,Beedrill,Bug;Poison,65,90,40,1
384,Rayquaza,Dragon;Flying,105,150,90,3
394,Prinplup,Water;,64,66,68,4
548,Petilil,Grass;,45,35,50,5
16,Pidgey,Normal;Flying,40,45,40,1
17,Pidgeotto,Normal;Flying,63,60,55,1
431,Glameow,Normal;,49,55,42,4
174,Igglybuff,Normal;Fairy,90,30,15,2
18,Pidgeot,Normal;Flying,83,80,75,1
371,Bagon,Dragon;,45,75,60,3
279,Pelipper,Water;Flying,60,50,100,3
440,Happiny,Normal;,100,5,5,4
19,Rattata,Normal;,30,56,35,1
370,Luvdisc,Water;,43,30,55,3
20,Raticate,Normal;,55,81,60,1
21,Spearow,Normal;Flying,40,60,30,1
22,Fearow,Normal;Flying,65,90,65,1
23,Ekans,Poison;,35,60,44,1
404,Luxio,Electric;,60,85,49,4
548,Petilil,Grass;,45,35,50,5
24,Arbok,Poison;,60,85,69,1
25,Pikachu,Electric;,35,55,40,1
26,Raichu,Electric;,60,90,55,1
27,Sandshrew,Ground;,50,75,85,1
28,Sandslash,Ground;,75,100,110,1
29,Nidoran♀,Poison;,55,47,52,1
30,Nidorina,Poison;,70,62,67,1
296,Makuhita,Fighting;,72,60,30,3
157,Typhlosion,Fire;,78,84,78,2
31,Nidoqueen,Poison;Ground,90,92,87,1
32,Nidoran♂,Poison;,46,57,40,1
33,Nidorino,Poison;,61,72,57,1
34,Nidoking,Poison;Ground,81,102,77,1
416,Vespiquen,Bug;Flying,70,80,102,4
35,Clefairy,Fairy;,70,45,48,1
36,Clefable,Fairy;,95,70,73,1
37,Vulpix,Fire;,38,41,40,1
38,Ninetales,Fire;,73,76,75,1
373,Salamence,Dragon;Flying,95,135,80,3
370,Luvdisc,Water;,43,30,55,3
39,Jigglypuff,Normal;Fairy,115,45,20,1
40,Wigglytuff,Normal;Fairy,140,70,45,1
41,Zubat,Poison;Flying,40,45,35,1
42,Golbat,Poison;Flying,75,80,70,1
43,Oddish,Grass;Poison,45,50,55,1
44,Gloom,Grass;Poison,60,65,70,1
45,Vileplume,Grass;Poison,75,80,85,1
46,Paras,Bug;Grass,35,70,55,1
237,Hitmontop,Fighting;,50,95,95,2
47,Parasect,Bug;Grass,60,95,80,1
48,Venonat,Bug;Poison,60,55,50,1
49,Venomoth,Bug;Poison,70,65,60,1
94,Gengar,Ghost;Poison,60,65,60,1
285,Shroomish,Grass;,60,40,60,3
50,Diglett,Ground;,10,55,25,1
234,Stantler,Normal;,73,95,62,2
51,Dugtrio,Ground;,35,80,50,1
52,Meowth,Normal;,40,45,35,1
316,Gulpin,Poison;,70,43,53,3
53,Persian,Normal;,65,70,60,1
54,Psyduck,Water;,50,52,48,1
55,Golduck,Water;,80,82,78,1
56,Mankey,Fighting;,40,80,35,1
183,Marill,Water;Fairy,70,20,50,2
173,Cleffa,Fairy;,50,25,28,2
57,Primeape,Fighting;,65,105,60,1
113,Chansey,Normal;,250,5,5,1
133,Eevee,Normal;,55,55,50,1
58,Growlithe,Fire;,55,70,45,1
59,Arcanine,Fire;,90,110,80,1
26,Raichu,Electric;,60,90,55,1
60,Poliwag,Water;,40,50,40,1
61,Poliwhirl,Water;,65,65,65,1
62,Poliwrath,Water;Fighting,90,95,95,1
63,Abra,Psychic;,25,20,15,1
395,Empoleon,Water;Steel,84,86,88,4
390,Chimchar,Fire;,44,58,44,4
64,Kadabra,Psychic;,40,35,30,1
400,Bibarel,Normal;Water,79,85,60,4
65,Alakazam,Psychic;,55,50,45,1
555,DarmanitanZen Mode,Fire;Psychic,105,30,105,5
66,Machop,Fighting;,70,80,50,1
67,Machoke,Fighting;,80,100,70,1
158,Totodile,Water;,50,65,64,2
68,Machamp,Fighting;,90,130,80,1
69,Bellsprout,Grass;Poison,50,75,35,1
316,Gulpin,Poison;,70,43,53,3
70,Weepinbell,Grass;Poison,65,90,50,1
71,Victreebel,Grass;Poison,80,105,65,1
102,Exeggcute,Grass;Psychic,60,40,80,1
72,Tentacool,Water;Poison,40,40,35,1
78,Rapidash,Fire;,65,100,70,1
73,Tentacruel,Water;Poison,80,70,65,1
36,Clefable,Fairy;,95,70,73,1
74,Geodude,Rock;Ground,40,80,100,1
75,Graveler,Rock;Ground,55,95,115,1
76,Golem,Rock;Ground,80,120,130,1
77,Ponyta,Fire;,50,85,55,1
326,Grumpig,Psychic;,80,45,65,3
78,Rapidash,Fire;,65,100,70,1
79,Slowpoke,Water;Psychic,90,65,65,1
80,Slowbro,Water;Psychic,95,75,110,1
81,Magnemite,Electric;Steel,25,35,70,1
111,Rhyhorn,Ground;Rock,80,85,95,1
82,Magneton,Electric;Steel,50,60,95,1
83,Farfetch'd,Normal;Flying,52,65,55,1
84,Doduo,Normal;Flying,35,85,45,1
85,Dodrio,Normal;Flying,60,110,70,1
36,Clefable,Fairy;,95,70,73,1
86,Seel,Water;,65,45,55,1
87,Dewgong,Water;Ice,90,70,80,1
88,Grimer,Poison;,80,80,50,1
89,Muk,Poison;,105,105,75,1
90,Shellder,Water;,30,65,100,1
91,Cloyster,Water;Ice,50,95,180,1
92,Gastly,Ghost;Poison,30,35,30,1
570,Zorua,Dark;,40,65,40,5
93,Haunter,Ghost;Poison,45,50,45,1
390,Chimchar,Fire;,44,58,44,4
217,Ursaring,Normal;,90,130,75,2
94,Gengar,Ghost;Poison,60,65,60,1
95,Onix,Rock;Ground,35,45,160,1
96,Drowzee,Psychic;,60,48,45,1
107,Hitmonchan,Fighting;,50,105,79,1
97,Hypno,Psychic;,85,73,70,1
494,Victini,Psychic;Fire,100,100,100,5
98,Krabby,Water;,30,105,90,1
86,Seel,Water;,65,45,55,1
333,Swablu,Normal;Flying,45,40,60,3
301,Delcatty,Normal;,70,65,65,3
99,Kingler,Water;,55,130,115,1
255,Torchic,Fire;,45,60,40,3
357,Tropius,Grass;Flying,99,68,83,3
100,Voltorb,Electric;,40,30,50,1
11,Metapod,Bug;,50,20,55,1
468,Togekiss,Fairy;Flying,85,50,95,4
553,Krookodile,Ground;Dark,95,117,80,5
101,Electrode,Electric;,60,50,70,1
102,Exeggcute,Grass;Psychic,60,40,80,1
103,Exeggutor,Grass;Psychic,95,95,85,1
104,Cubone,Ground;,50,50,95,1
105,Marowak,Ground;,60,80,110,1
106,Hitmonlee,Fighting;,50,120,53,1
145,Zapdos,Electric;Flying,90,90,85,1
208,Steelix,Steel;Ground,75,85,200,2
107,Hitmonchan,Fighting;,50,105,79,1
484,Palkia,Water;Dragon,90,120,100,4
108,Lickitung,Normal;,90,55,75,1
109,Koffing,Poison;,40,65,95,1
110,Weezing,Poison;,65,90,120,1
111,Rhyhorn,Ground;Rock,80,85,95,1
112,Rhydon,Ground;Rock,105,130,120,1
113,Chansey,Normal;,250,5,5,1
53,Persian,Normal;,65,70,60,1
114,Tangela,Grass;,65,55,115,1
177,Natu,Psychic;Flying,40,50,45,2
115,Kangaskhan,Normal;,105,95,80,1
116,Horsea,Water;,30,40,70,1
117,Seadra,Water;,55,65,95,1
118,Goldeen,Water;,45,67,60,1
119,Seaking,Water;,80,92,65,1
177,Natu,Psychic;Flying,40,50,45,2
120,Staryu,Water;,30,45,55,1
121,Starmie,Water;Psychic,60,75,85,1
122,Mr. Mime,Psychic;Fairy,40,45,65,1
520,Tranquill,Normal;Flying,62,77,62,5
123,Scyther,Bug;Flying,70,110,80,1
175,Togepi,Fairy;,35,20,65,2
124,Jynx,Ice;Psychic,65,50,35,1
125,Electabuzz,Electric;,65,83,57,1
126,Magmar,Fire;,65,95,57,1
449,Hippopotas,Ground;,68,72,78,4
446,Munchlax,Normal;,135,85,40,4
127,Pinsir,Bug;,65,125,100,1
476,Probopass,Rock;Steel,60,55,145,4
128,Tauros,Normal;,75,100,95,1
129,Magikarp,Water;,20,10,55,1
130,Gyarados,Water;Flying,95,125,79,1
131,Lapras,Water;Ice,130,85,80,1
498,Tepig,Fire;,65,63,45,5
132,Ditto,Normal;,48,48,48,1
133,Eevee,Normal;,55,55,50,1
317,Swalot,Poison;,100,73,83,3
134,Vaporeon,Water;,130,65,60,1
135,Jolteon,Electric;,65,65,60,1
136,Flareon,Fire;,65,130,60,1
137,Porygon,Normal;,65,60,70,1
138,Omanyte,Rock;Water,35,40,100,1
139,Omastar,Rock;Water,70,60,125,1
409,Rampardos,Rock;,97,165,60,4
140,Kabuto,Rock;Water,30,80,90,1
396,Starly,Normal;Flying,40,55,30,4
141,Kabutops,Rock;Water,60,115,105,1
142,Aerodactyl,Rock;Flying,80,105,65,1
143,Snorlax,Normal;,160,110,65,1
7,Squirtle,Water;,44,48,65,1
144,Articuno,Ice;Flying,90,85,100,1
16,Pidgey,Normal;Flying,40,45,40,1
104,Cubone,Ground;,50,50,95,1
178,Xatu,Psychic;Flying,65,75,70,2
145,Zapdos,Electric;Flying,90,90,85,1
146,Moltres,Fire;Flying,90,100,90,1
147,Dratini,Dragon;,41,64,45,1
148,Dragonair,Dragon;,61,84,65,1
149,Dragonite,Dragon;Flying,91,134,95,1
232,Donphan,Ground;,90,120,120,2
150,Mewtwo,Psychic;,106,110,90,1
404,Luxio,Electric;,60,85,49,4
347,Anorith,Rock;Bug,45,95,50,3
151,Mew,Psychic;,100,100,100,1
152,Chikorita,Grass;,45,49,65,2
478,Froslass,Ice;Ghost,70,80,70,4
153,Bayleef,Grass;,60,62,80,2
154,Meganium,Grass;,80,82,100,2
319,Sharpedo,Water;Dark,70,120,40,3
155,Cyndaquil,Fire;,39,52,43,2
156,Quilava,Fire;,58,64,58,2
157,Typhlosion,Fire;,78,84,78,2
158,Totodile,Water;,50,65,64,2
159,Croconaw,Water;,65,80,80,2
160,Feraligatr,Water;,85,105,100,2
429,Mismagius,Ghost;,60,60,60,4
161,Sentret,Normal;,35,46,34,2
162,Furret,Normal;,85,76,64,2
163,Hoothoot,Normal;Flying,60,30,30,2
164,Noctowl,Normal;Flying,100,50,50,2
165,Ledyba,Bug;Flying,40,20,30,2
166,Ledian,Bug;Flying,55,35,50,2
167,Spinarak,Bug;Poison,40,60,40,2
168,Ariados,Bug;Poison,70,90,70,2
169,Crobat,Poison;Flying,85,90,80,2
224,Octillery,Water;,75,105,75,2
2,Ivysaur,Grass;Poison,60,62,63,1
170,Chinchou,Water;Electric,75,38,38,2
171,Lanturn,Water;Electric,125,58,58,2
172,Pichu,Electric;,20,40,15,2
464,Rhyperior,Ground;Rock,115,140,130,4
173,Cleffa,Fairy;,50,25,28,2
327,Spinda,Normal;,60,60,60,3
174,Igglybuff,Normal;Fairy,90,30,15,2
175,Togepi,Fairy;,35,20,65,2
176,Togetic,Fairy;Flying,55,40,85,2
111,Rhyhorn,Ground;Rock,80,85,95,1
428,Lopunny,Normal;,65,76,84,4
177,Natu,Psychic;Flying,40,50,45,2
178,Xatu,Psychic;Flying,65,75,70,2
179,Mareep,Electric;,55,40,40,2
205,Forretress,Bug;Steel,75,90,140,2
180,Flaaffy,Electric;,70,55,55,2
181,Ampharos,Electric;,90,75,85,2
182,Bellossom,Grass;,75,80,95,2
183,Marill,Water;Fairy,70,20,50,2
486,Regigigas,Normal;,110,160,110,4
184,Azumarill,Water;Fairy,100,50,80,2
185,Sudowoodo,Rock;,70,100,115,2
186,Politoed,Water;,90,75,75,2
187,Hoppip,Grass;Flying,35,35,40,2
188,Skiploom,Grass;Flying,55,45,50,2
189,Jumpluff,Grass;Flying,75,55,70,2
190,Aipom,Normal;,55,70,55,2
191,Sunkern,Grass;,30,30,30,2
192,Sunflora,Grass;,75,75,55,2
193,Yanma,Bug;Flying,65,65,45,2
194,Wooper,Water;Ground,55,45,45,2
467,Magmortar,Fire;,75,95,67,4
195,Quagsire,Water;Ground,95,85,85,2
260,Swampert,Water;Ground,100,110,90,3
196,Espeon,Psychic;,65,65,60,2
197,Umbreon,Dark;,95,65,110,2
198,Murkrow,Dark;Flying,60,85,42,2
199,Slowking,Water;Psychic,95,75,80,2
200,Misdreavus,Ghost;,60,60,60,2
357,Tropius,Grass;Flying,99,68,83,3
201,Unown,Psychic;,48,72,48,2
202,Wobbuffet,Psychic;,190,33,58,2
383,Groudon,Ground;,100,150,140,3
203,Girafarig,Normal;Psychic,70,80,65,2
266,Silcoon,Bug;,50,35,55,3
204,Pineco,Bug;,50,65,90,2
205,Forretress,Bug;Steel,75,90,140,2
260,Swampert,Water;Ground,100,110,90,3
206,Dunsparce,Normal;,100,70,70,2
364,Sealeo,Ice;Water,90,60,70,3
148,Dragonair,Dragon;,61,84,65,1
207,Gligar,Ground;Flying,65,75,105,2
208,Steelix,Steel;Ground,75,85,200,2
209,Snubbull,Fairy;,60,80,50,2
210,Granbull,Fairy;,90,120,75,2
90,Shellder,Water;,30,65,100,1
211,Qwilfish,Water;Poison,65,95,75,2
212,Scizor,Bug;Steel,70,130,100,2
213,Shuckle,Bug;Rock,20,10,230,2
214,Heracross,Bug;Fighting,80,125,75,2
198,Murkrow,Dark;Flying,60,85,42,2
215,Sneasel,Dark;Ice,55,95,55,2
216,Teddiursa,Normal;,60,80,50,2
217,Ursaring,Normal;,90,130,75,2
218,Slugma,Fire;,40,40,40,2
219,Magcargo,Fire;Rock,50,50,120,2
327,Spinda,Normal;,60,60,60,3
220,Swinub,Ice;Ground,50,50,40,2
253,Grovyle,Grass;,50,65,45,3
221,Piloswine,Ice;Ground,100,100,80,2
221,Piloswine,Ice;Ground,100,100,80,2
404,Luxio,Electric;,60,85,49,4
222,Corsola,Water;Rock,55,55,85,2
223,Remoraid,Water;,35,65,35,2
455,Carnivine,Grass;,74,100,72,4
224,Octillery,Water;,75,105,75,2
224,Octillery,Water;,75,105,75,2
306,Aggron,Steel;Rock,70,110,180,3
225,Delibird,Ice;Flying,45,55,45,2
226,Mantine,Water;Flying,65,40,70,2
227,Skarmory,Steel;Flying,65,80,140,2
228,Houndour,Dark;Fire,45,60,30,2
229,Houndoom,Dark;Fire,75,90,50,2
230,Kingdra,Water;Dragon,75,95,95,2
231,Phanpy,Ground;,90,60,60,2
232,Donphan,Ground;,90,120,120,2
230,Kingdra,Water;Dragon,75,95,95,2
233,Porygon2,Normal;,85,80,90,2
234,Stantler,Normal;,73,95,62,2
235,Smeargle,Normal;,55,20,35,2
236,Tyrogue,Fighting;,35,35,35,2
237,Hitmontop,Fighting;,50,95,95,2
238,Smoochum,Ice;Psychic,45,30,15,2
538,Throh,Fighting;,120,100,85,5
239,Elekid,Electric;,45,63,37,2
240,Magby,Fire;,45,75,37,2
36,Clefable,Fairy;,95,70,73,1
412,Burmy,Bug;,40,29,45,4
241,Miltank,Normal;,95,80,105,2
242,Blissey,Normal;,255,10,10,2
243,Raikou,Electric;,90,85,75,2
23,Ekans,Poison;,35,60,44,1
497,Serperior,Grass;,75,75,95,5
244,Entei,Fire;,115,115,85,2
245,Suicune,Water;,100,75,115,2
246,Larvitar,Rock;Ground,50,64,50,2
247,Pupitar,Rock;Ground,70,84,70,2
248,Tyranitar,Rock;Dark,100,134,110,2
249,Lugia,Psychic;Flying,106,90,130,2
250,Ho-oh,Fire;Flying,106,130,90,2
251,Celebi,Psychic;Grass,100,100,100,2
252,Treecko,Grass;,40,45,35,3
253,Grovyle,Grass;,50,65,45,3
147,Dratini,Dragon;,41,64,45,1
81,Magnemite,Electric;Steel,25,35,70,1
254,Sceptile,Grass;,70,85,65,3
485,Heatran,Fire;Steel,91,90,106,4
280,Ralts,Psychic;Fairy,28,25,25,3
290,Nincada,Bug;Ground,31,45,90,3
255,Torchic,Fire;,45,60,40,3
256,Combusken,Fire;Fighting,60,85,60,3
257,Blaziken,Fire;Fighting,80,120,70,3
258,Mudkip,Water;,50,70,50,3
259,Marshtomp,Water;Ground,70,85,70,3
377,Regirock,Rock;,80,100,200,3
260,Swampert,Water;Ground,100,110,90,3
476,Probopass,Rock;Steel,60,55,145,4
261,Poochyena,Dark;,35,55,35,3
262,Mightyena,Dark;,70,90,70,3
263,Zigzagoon,Normal;,38,30,41,3
264,Linoone,Normal;,78,70,61,3
524,Roggenrola,Rock;,55,75,85,5
265,Wurmple,Bug;,45,45,35,3
345,Lileep,Rock;Grass,66,41,77,3
473,Mamoswine,Ice;Ground,110,130,80,4
266,Silcoon,Bug;,50,35,55,3
307,Meditite,Fighting;Psychic,30,40,55,3
267,Beautifly,Bug;Flying,60,70,50,3
268,Cascoon,Bug;,50,35,55,3
400,Bibarel,Normal;Water,79,85,60,4
269,Dustox,Bug;Poison,60,50,70,3
398,Staraptor,Normal;Flying,85,120,70,4
270,Lotad,Water;Grass,40,30,30,3
327,Spinda,Normal;,60,60,60,3
271,Lombre,Water;Grass,60,50,50,3
272,Ludicolo,Water;Grass,80,70,70,3
253,Grovyle,Grass;,50,65,45,3
466,Electivire,Electric;,75,123,67,4
273,Seedot,Grass;,40,40,50,3
274,Nuzleaf,Grass;Dark,70,70,40,3
31,Nidoqueen,Poison;Ground,90,92,87,1
275,Shiftry,Grass;Dark,90,100,60,3
276,Taillow,Normal;Flying,40,55,30,3
277,Swellow,Normal;Flying,60,85,60,3
2,Ivysaur,Grass;Poison,60,62,63,1
278,Wingull,Water;Flying,40,30,30,3
279,Pelipper,Water;Flying,60,50,100,3
280,Ralts,Psychic;Fairy,28,25,25,3
281,Kirlia,Psychic;Fairy,38,35,35,3
282,Gardevoir,Psychic;Fairy,68,65,65,3
283,Surskit,Bug;Water,40,30,32,3
284,Masquerain,Bug;Flying,70,60,62,3
285,Shroomish,Grass;,60,40,60,3
286,Breloom,Grass;Fighting,60,130,80,3
287,Slakoth,Normal;,60,60,60,3
288,Vigoroth,Normal;,80,80,80,3
289,Slaking,Normal;,150,160,100,3
473,Mamoswine,Ice;Ground,110,130,80,4
290,Nincada,Bug;Ground,31,45,90,3
291,Ninjask,Bug;Flying,61,90,45,3
292,Shedinja,Bug;Ghost,1,90,45,3
293,Whismur,Normal;,64,51,23,3
294,Loudred,Normal;,84,71,43,3
369,Relicanth,Water;Rock,100,90,130,3
498,Tepig,Fire;,65,63,45,5
295,Exploud,Normal;,104,91,63,3
296,Makuhita,Fighting;,72,60,30,3
297,Hariyama,Fighting;,144,120,60,3
347,Anorith,Rock;Bug,45,95,50,3
298,Azurill,Normal;Fairy,50,20,40,3
299,Nosepass,Rock;,30,45,135,3
300,Skitty,Normal;,50,45,45,3
152,Chikorita,Grass;,45,49,65,2
301,Delcatty,Normal;,70,65,65,3
303,Mawile,Steel;Fairy,50,85,85,3
133,Eevee,Normal;,55,55,50,1
304,Aron,Steel;Rock,50,70,100,3
305,Lairon,Steel;Rock,60,90,140,3
306,Aggron,Steel;Rock,70,110,180,3
307,Meditite,Fighting;Psychic,30,40,55,3
446,Munchlax,Normal;,135,85,40,4
308,Medicham,Fighting;Psychic,60,60,75,3
309,Electrike,Electric;,40,45,40,3
310,Manectric,Electric;,70,75,60,3
311,Plusle,Electric;,60,50,40,3
312,Minun,Electric;,60,40,50,3
437,Bronzong,Steel;Psychic,67,89,116,4
313,Volbeat,Bug;,65,73,55,3
473,Mamoswine,Ice;Ground,110,130,80,4
312,Minun,Electric;,60,40,50,3
314,Illumise,Bug;,65,47,55,3
315,Roselia,Grass;Poison,50,60,45,3
316,Gulpin,Poison;,70,43,53,3
320,Wailmer,Water;,130,70,35,3
423,Gastrodon,Water;Ground,111,83,68,4
317,Swalot,Poison;,100,73,83,3
318,Carvanha,Water;Dark,45,90,20,3
319,Sharpedo,Water;Dark,70,120,40,3
320,Wailmer,Water;,130,70,35,3
321,Wailord,Water;,170,90,45,3
78,Rapidash,Fire;,65,100,70,1
322,Numel,Fire;Ground,60,60,40,3
323,Camerupt,Fire;Ground,70,100,70,3
549,Lilligant,Grass;,70,60,75,5
324,Torkoal,Fire;,70,85,140,3
325,Spoink,Psychic;,60,25,35,3
326,Grumpig,Psychic;,80,45,65,3
476,Probopass,Rock;Steel,60,55,145,4
327,Spinda,Normal;,60,60,60,3
328,Trapinch,Ground;,45,100,45,3
71,Victreebel,Grass;Poison,80,105,65,1
152,Chikorita,Grass;,45,49,65,2
329,Vibrava,Ground;Dragon,50,70,50,3
211,Qwilfish,Water;Poison,65,95,75,2
330,Flygon,Ground;Dragon,80,100,80,3
331,Cacnea,Grass;,50,85,40,3
332,Cacturne,Grass;Dark,70,115,60,3
333,Swablu,Normal;Flying,45,40,60,3
555,DarmanitanZen Mode,Fire;Psychic,105,30,105,5
300,Skitty,Normal;,50,45,45,3
334,Altaria,Dragon;Flying,75,70,90,3
134,Vaporeon,Water;,130,65,60,1
280,Ralts,Psychic;Fairy,28,25,25,3
412,Burmy,Bug;,40,29,45,4
335,Zangoose,Normal;,73,115,60,3
336,Seviper,Poison;,73,100,60,3
337,Lunatone,Rock;Psychic,70,55,65,3
338,Solrock,Rock;Psychic,70,95,85,3
339,Barboach,Water;Ground,50,48,43,3
601,Klinklang,Steel;,60,100,115,5
340,Whiscash,Water;Ground,110,78,73,3
255,Torchic,Fire;,45,60,40,3
455,Carnivine,Grass;,74,100,72,4
341,Corphish,Water;,43,80,65,3
340,Whiscash,Water;Ground,110,78,73,3
342,Crawdaunt,Water;Dark,63,120,85,3
343,Baltoy,Ground;Psychic,40,40,55,3
344,Claydol,Ground;Psychic,60,70,105,3
345,Lileep,Rock;Grass,66,41,77,3
366,Clamperl,Water;,35,64,85,3
346,Cradily,Rock;Grass,86,81,97,3
347,Anorith,Rock;Bug,45,95,50,3
348,Armaldo,Rock;Bug,75,125,100,3
349,Feebas,Water;,20,15,20,3
350,Milotic,Water;,95,60,79,3
351,Castform,Normal;,70,70,70,3
352,Kecleon,Normal;,60,90,70,3
549,Lilligant,Grass;,70,60,75,5
353,Shuppet,Ghost;,44,75,35,3
354,Banette,Ghost;,64,115,65,3
355,Duskull,Ghost;,20,40,90,3
356,Dusclops,Ghost;,40,70,130,3
10,Caterpie,Bug;,45,30,35,1
357,Tropius,Grass;Flying,99,68,83,3
358,Chimecho,Psychic;,65,50,70,3
359,Absol,Dark;,65,130,60,3
360,Wynaut,Psychic;,95,23,48,3
361,Snorunt,Ice;,50,50,50,3
362,Glalie,Ice;,80,80,80,3
363,Spheal,Ice;Water,70,40,50,3
422,Shellos,Water;,76,48,48,4
364,Sealeo,Ice;Water,90,60,70,3
365,Walrein,Ice;Water,110,80,90,3
386,DeoxysDefense Forme,Psychic;,50,70,160,3
366,Clamperl,Water;,35,64,85,3
367,Huntail,Water;,55,104,105,3
368,Gorebyss,Water;,55,84,105,3
326,Grumpig,Psychic;,80,45,65,3
452,Drapion,Poison;Dark,70,90,110,4
498,Tepig,Fire;,65,63,45,5
369,Relicanth,Water;Rock,100,90,130,3
370,Luvdisc,Water;,43,30,55,3
371,Bagon,Dragon;,45,75,60,3
372,Shelgon,Dragon;,65,95,100,3
374,Beldum,Steel;Psychic,40,55,80,3
375,Metang,Steel;Psychic,60,75,100,3
106,Hitmonlee,Fighting;,50,120,53,1
376,Metagross,Steel;Psychic,80,135,130,3
306,Aggron,Steel;Rock,70,110,180,3
133,Eevee,Normal;,55,55,50,1
271,Lombre,Water;Grass,60,50,50,3
379,Registeel,Steel;,80,75,150,3
224,Octillery,Water;,75,105,75,2
377,Regirock,Rock;,80,100,200,3
378,Regice,Ice;,80,50,100,3
379,Registeel,Steel;,80,75,150,3
380,Latias,Dragon;Psychic,80,80,90,3
381,Latios,Dragon;Psychic,80,90,80,3
382,Kyogre,Water;,100,100,90,3
338,Solrock,Rock;Psychic,70,95,85,3
383,Groudon,Ground;,100,150,140,3
194,Wooper,Water;Ground,55,45,45,2
385,Jirachi,Steel;Psychic,100,100,100,3
386,DeoxysDefense Forme,Psychic;,50,70,160,3
387,Turtwig,Grass;,55,68,64,4
296,Makuhita,Fighting;,72,60,30,3
388,Grotle,Grass;,75,89,85,4
389,Torterra,Grass;Ground,95,109,105,4
112,Rhydon,Ground;Rock,105,130,120,1
390,Chimchar,Fire;,44,58,44,4
391,Monferno,Fire;Fighting,64,78,52,4
392,Infernape,Fire;Fighting,76,104,71,4
393,Piplup,Water;,53,51,53,4
394,Prinplup,Water;,64,66,68,4
395,Empoleon,Water;Steel,84,86,88,4
396,Starly,Normal;Flying,40,55,30,4
154,Meganium,Grass;,80,82,100,2
397,Staravia,Normal;Flying,55,75,50,4
398,Staraptor,Normal;Flying,85,120,70,4
399,Bidoof,Normal;,59,45,40,4
549,Lilligant,Grass;,70,60,75,5
400,Bibarel,Normal;Water,79,85,60,4
86,Seel,Water;,65,45,55,1
401,Kricketot,Bug;,37,25,41,4
402,Kricketune,Bug;,77,85,51,4
403,Shinx,Electric;,45,65,34,4
404,Luxio,Electric;,60,85,49,4
405,Luxray,Electric;,80,120,79,4
406,Budew,Grass;Poison,40,30,35,4
543,Venipede,Bug;Poison,30,45,59,5
407,Roserade,Grass;Poison,60,70,65,4
408,Cranidos,Rock;,67,125,40,4
409,Rampardos,Rock;,97,165,60,4
142,Aerodactyl,Rock;Flying,80,105,65,1
410,Shieldon,Rock;Steel,30,42,118,4
5,Charmeleon,Fire;,58,64,58,1
411,Bastiodon,Rock;Steel,60,52,168,4
412,Burmy,Bug;,40,29,45,4
413,WormadamPlant Cloak,Bug;Grass,60,59,85,4
414,Mothim,Bug;Flying,70,94,50,4
415,Combee,Bug;Flying,30,30,42,4
283,Surskit,Bug;Water,40,30,32,3
416,Vespiquen,Bug;Flying,70,80,102,4
417,Pachirisu,Electric;,60,45,70,4
271,Lombre,Water;Grass,60,50,50,3
66,Machop,Fighting;,70,80,50,1
418,Buizel,Water;,55,65,35,4
245,Suicune,Water;,100,75,115,2
419,Floatzel,Water;,85,105,55,4
549,Lilligant,Grass;,70,60,75,5
99,Kingler,Water;,55,130,115,1
420,Cherubi,Grass;,45,35,45,4
421,Cherrim,Grass;,70,60,70,4
102,Exeggcute,Grass;Psychic,60,40,80,1
538,Throh,Fighting;,120,100,85,5
422,Shellos,Water;,76,48,48,4
434,Stunky,Poison;Dark,63,63,47,4
252,Treecko,Grass;,40,45,35,3
423,Gastrodon,Water;Ground,111,83,68,4
424,Ambipom,Normal;,75,100,66,4
425,Drifloon,Ghost;Flying,90,50,34,4
426,Drifblim,Ghost;Flying,150,80,44,4
427,Buneary,Normal;,55,66,44,4
428,Lopunny,Normal;,65,76,84,4
429,Mismagius,Ghost;,60,60,60,4
424,Ambipom,Normal;,75,100,66,4
430,Honchkrow,Dark;Flying,100,125,52,4
431,Glameow,Normal;,49,55,42,4
432,Purugly,Normal;,71,82,64,4
433,Chingling,Psychic;,45,30,50,4
434,Stunky,Poison;Dark,63,63,47,4
435,Skuntank,Poison;Dark,103,93,67,4
436,Bronzor,Steel;Psychic,57,24,86,4
224,Octillery,Water;,75,105,75,2
153,Bayleef,Grass;,60,62,80,2
467,Magmortar,Fire;,75,95,67,4
437,Bronzong,Steel;Psychic,67,89,116,4
438,Bonsly,Rock;,50,80,95,4
439,Mime Jr.,Psychic;Fairy,20,25,45,4
440,Happiny,Normal;,100,5,5,4
441,Chatot,Normal;Flying,76,65,45,4
442,Spiritomb,Ghost;Dark,50,92,108,4
443,Gible,Dragon;Ground,58,70,45,4
444,Gabite,Dragon;Ground,68,90,65,4
351,Castform,Normal;,70,70,70,3
445,Garchomp,Dragon;Ground,108,130,95,4
203,Girafarig,Normal;Psychic,70,80,65,2
473,Mamoswine,Ice;Ground,110,130,80,4
446,Munchlax,Normal;,135,85,40,4
160,Feraligatr,Water;,85,105,100,2
253,Grovyle,Grass;,50,65,45,3
447,Riolu,Fighting;,40,70,40,4
448,Lucario,Fighting;Steel,70,110,70,4
357,Tropius,Grass;Flying,99,68,83,3
449,Hippopotas,Ground;,68,72,78,4
467,Magmortar,Fire;,75,95,67,4
266,Silcoon,Bug;,50,35,55,3
450,Hippowdon,Ground;,108,112,118,4
451,Skorupi,Poison;Bug,40,50,90,4
452,Drapion,Poison;Dark,70,90,110,4
453,Croagunk,Poison;Fighting,48,61,40,4
454,Toxicroak,Poison;Fighting,83,106,65,4
111,Rhyhorn,Ground;Rock,80,85,95,1
455,Carnivine,Grass;,74,100,72,4
456,Finneon,Water;,49,49,56,4
392,Infernape,Fire;Fighting,76,104,71,4
457,Lumineon,Water;,69,69,76,4
458,Mantyke,Water;Flying,45,20,50,4
459,Snover,Grass;Ice,60,62,50,4
460,Abomasnow,Grass;Ice,90,92,75,4
363,Spheal,Ice;Water,70,40,50,3
461,Weavile,Dark;Ice,70,120,65,4
462,Magnezone,Electric;Steel,70,70,115,4
463,Lickilicky,Normal;,110,85,95,4
464,Rhyperior,Ground;Rock,115,140,130,4
465,Tangrowth,Grass;,100,100,125,4
466,Electivire,Electric;,75,123,67,4
467,Magmortar,Fire;,75,95,67,4
468,Togekiss,Fairy;Flying,85,50,95,4
469,Yanmega,Bug;Flying,86,76,86,4
470,Leafeon,Grass;,65,110,130,4
471,Glaceon,Ice;,65,60,110,4
472,Gliscor,Ground;Flying,75,95,125,4
473,Mamoswine,Ice;Ground,110,130,80,4
96,Drowzee,Psychic;,60,48,45,1
474,Porygon-Z,Normal;,85,80,70,4
604,Eelektross,Electric;,85,115,80,5
475,Gallade,Psychic;Fighting,68,125,65,4
170,Chinchou,Water;Electric,75,38,38,2
386,DeoxysDefense Forme,Psychic;,50,70,160,3
476,Probopass,Rock;Steel,60,55,145,4
477,Dusknoir,Ghost;,45,100,135,4
478,Froslass,Ice;Ghost,70,80,70,4
479,Rotom,Electric;Ghost,50,50,77,4
480,Uxie,Psychic;,75,75,130,4
481,Mesprit,Psychic;,80,105,105,4
482,Azelf,Psychic;,75,125,70,4
483,Dialga,Steel;Dragon,100,120,120,4
484,Palkia,Water;Dragon,90,120,100,4
485,Heatran,Fire;Steel,91,90,106,4
486,Regigigas,Normal;,110,160,110,4
487,GiratinaAltered Forme,Ghost;Dragon,150,100,120,4
139,Omastar,Rock;Water,70,60,125,1
570,Zorua,Dark;,40,65,40,5
488,Cresselia,Psychic;,120,70,120,4
489,Phione,Water;,80,80,80,4
490,Manaphy,Water;,100,100,100,4
436,Bronzor,Steel;Psychic,57,24,86,4
491,Darkrai,Dark;,70,90,90,4
492,ShayminLand Forme,Grass;,100,100,100,4
493,Arceus,Normal;,120,120,120,4
494,Victini,Psychic;Fire,100,100,100,5
495,Snivy,Grass;,45,45,55,5
496,Servine,Grass;,60,60,75,5
497,Serperior,Grass;,75,75,95,5
498,Tepig,Fire;,65,63,45,5
499,Pignite,Fire;Fighting,90,93,55,5
500,Emboar,Fire;Fighting,110,123,65,5
74,Geodude,Rock;Ground,40,80,100,1
501,Oshawott,Water;,55,55,45,5
502,Dewott,Water;,75,75,60,5
503,Samurott,Water;,95,100,85,5
504,Patrat,Normal;,45,55,39,5
505,Watchog,Normal;,60,85,69,5
121,Starmie,Water;Psychic,60,75,85,1
506,Lillipup,Normal;,45,60,45,5
507,Herdier,Normal;,65,80,65,5
508,Stoutland,Normal;,85,110,90,5
509,Purrloin,Dark;,41,50,37,5
510,Liepard,Dark;,64,88,50,5
511,Pansage,Grass;,50,53,48,5
512,Simisage,Grass;,75,98,63,5
513,Pansear,Fire;,50,53,48,5
514,Simisear,Fire;,75,98,63,5
515,Panpour,Water;,50,53,48,5
516,Simipour,Water;,75,98,63,5
517,Munna,Psychic;,76,25,45,5
518,Musharna,Psychic;,116,55,85,5
519,Pidove,Normal;Flying,50,55,50,5
57,Primeape,Fighting;,65,105,60,1
520,Tranquill,Normal;Flying,62,77,62,5
521,Unfezant,Normal;Flying,80,115,80,5
522,Blitzle,Electric;,45,60,32,5
523,Zebstrika,Electric;,75,100,63,5
524,Roggenrola,Rock;,55,75,85,5
525,Boldore,Rock;,70,105,105,5
526,Gigalith,Rock;,85,135,130,5
527,Woobat,Psychic;Flying,55,45,43,5
528,Swoobat,Psychic;Flying,67,57,55,5
529,Drilbur,Ground;,60,85,40,5
530,Excadrill,Ground;Steel,110,135,60,5
383,Groudon,Ground;,100,150,140,3
531,Audino,Normal;,103,60,86,5
532,Timburr,Fighting;,75,80,55,5
533,Gurdurr,Fighting;,85,105,85,5
534,Conkeldurr,Fighting;,105,140,95,5
535,Tympole,Water;,50,50,40,5
558,Crustle,Bug;Rock,70,95,125,5
253,Grovyle,Grass;,50,65,45,3
536,Palpitoad,Water;Ground,75,65,55,5
537,Seismitoad,Water;Ground,105,95,75,5
538,Throh,Fighting;,120,100,85,5
539,Sawk,Fighting;,75,125,75,5
540,Sewaddle,Bug;Grass,45,53,70,5
541,Swadloon,Bug;Grass,55,63,90,5
542,Leavanny,Bug;Grass,75,103,80,5
543,Venipede,Bug;Poison,30,45,59,5
544,Whirlipede,Bug;Poison,40,55,99,5
545,Scolipede,Bug;Poison,60,100,89,5
546,Cottonee,Grass;Fairy,40,27,60,5
547,Whimsicott,Grass;Fairy,60,67,85,5
548,Petilil,Grass;,45,35,50,5
581,Swanna,Water;Flying,75,87,63,5
549,Lilligant,Grass;,70,60,75,5
464,Rhyperior,Ground;Rock,115,140,130,4
550,Basculin,Water;,70,92,65,5
551,Sandile,Ground;Dark,50,72,35,5
552,Krokorok,Ground;Dark,60,82,45,5
553,Krookodile,Ground;Dark,95,117,80,5
554,Darumaka,Fire;,70,90,45,5
474,Porygon-Z,Normal;,85,80,70,4
197,Umbreon,Dark;,95,65,110,2
555,DarmanitanZen Mode,Fire;Psychic,105,30,105,5
556,Maractus,Grass;,75,86,67,5
557,Dwebble,Bug;Rock,50,65,85,5
558,Crustle,Bug;Rock,70,95,125,5
559,Scraggy,Dark;Fighting,50,75,70,5
560,Scrafty,Dark;Fighting,65,90,115,5
561,Sigilyph,Psychic;Flying,72,58,80,5
562,Yamask,Ghost;,38,30,85,5
563,Cofagrigus,Ghost;,58,50,145,5
564,Tirtouga,Water;Rock,54,78,103,5
565,Carracosta,Water;Rock,74,108,133,5
566,Archen,Rock;Flying,55,112,45,5
567,Archeops,Rock;Flying,75,140,65,5
568,Trubbish,Poison;,50,50,62,5
569,Garbodor,Poison;,80,95,82,5
274,Nuzleaf,Grass;Dark,70,70,40,3
570,Zorua,Dark;,40,65,40,5
571,Zoroark,Dark;,60,105,60,5
572,Minccino,Normal;,55,50,40,5
573,Cinccino,Normal;,75,95,60,5
574,Gothita,Psychic;,45,30,50,5
575,Gothorita,Psychic;,60,45,70,5
576,Gothitelle,Psychic;,70,55,95,5
577,Solosis,Psychic;,45,30,40,5
578,Duosion,Psychic;,65,40,50,5
579,Reuniclus,Psychic;,110,65,75,5
148,Dragonair,Dragon;,61,84,65,1
580,Ducklett,Water;Flying,62,44,50,5
581,Swanna,Water;Flying,75,87,63,5
582,Vanillite,Ice;,36,50,50,5
583,Vanillish,Ice;,51,65,65,5
584,Vanilluxe,Ice;,71,95,85,5
585,Deerling,Normal;Grass,60,60,50,5
586,Sawsbuck,Normal;Grass,80,100,70,5
89,Muk,Poison;,105,105,75,1
587,Emolga,Electric;Flying,55,75,60,5
588,Karrablast,Bug;,50,75,45,5
589,Escavalier,Bug;Steel,70,135,105,5
590,Foongus,Grass;Poison,69,55,45,5
591,Amoonguss,Grass;Poison,114,85,70,5
592,Frillish,Water;Ghost,55,40,50,5
593,Jellicent,Water;Ghost,100,60,70,5
594,Alomomola,Water;,165,75,80,5
595,Joltik,Bug;Electric,50,47,50,5
596,Galvantula,Bug;Electric,70,77,60,5
597,Ferroseed,Grass;Steel,44,50,91,5
598,Ferrothorn,Grass;Steel,74,94,131,5
599,Klink,Steel;,40,55,70,5
600,Klang,Steel;,60,80,95,5
601,Klinklang,Steel;,60,100,115,5
602,Tynamo,Electric;,35,55,40,5
603,Eelektrik,Electric;,65,85,70,5
604,Eelektross,Electric;,85,115,80,5
605,Elgyem,Psychic;,55,55,55,5
606,Beheeyem,Psychic;,75,75,75,5
607,Litwick,Ghost;Fire,50,30,55,5
608,Lampent,Ghost;Fire,60,40,60,5
537,Seismitoad,Water;Ground,105,95,75,5
609,Chandelure,Ghost;Fire,60,55,90,5
610,Axew,Dragon;,46,87,60,5
611,Fraxure,Dragon;,66,117,70,5
612,Haxorus,Dragon;,76,147,90,5
613,Cubchoo,Ice;,55,70,40,5
614,Beartic,Ice;,95,110,80,5
615,Cryogonal,Ice;,70,50,30,5
616,Shelmet,Bug;,50,40,85,5
617,Accelgor,Bug;,80,70,40,5
618,Stunfisk,Ground;Electric,109,66,84,5
619,Mienfoo,Fighting;,45,85,50,5
620,Mienshao,Fighting;,65,125,60,5
621,Druddigon,Dragon;,77,120,90,5
622,Golett,Ground;Ghost,59,74,50,5
623,Golurk,Ground;Ghost,89,124,80,5
624,Pawniard,Dark;Steel,45,85,70,5
223,Remoraid,Water;,35,65,35,2
625,Bisharp,Dark;Steel,65,125,100,5
626,Bouffalant,Normal;,95,110,95,5
627,Rufflet,Normal;Flying,70,83,50,5
628,Braviary,Normal;Flying,100,123,75,5
629,Vullaby,Dark;Flying,70,55,75,5
630,Mandibuzz,Dark;Flying,110,65,105,5
631,Heatmor,Fire;,85,97,66,5
632,Durant,Bug;Steel,58,109,112,5
633,Deino,Dark;Dragon,52,65,50,5
634,Zweilous,Dark;Dragon,72,85,70,5
635,Hydreigon,Dark;Dragon,92,105,90,5
636,Larvesta,Bug;Fire,55,85,55,5
637,Volcarona,Bug;Fire,85,60,65,5
638,Cobalion,Steel;Fighting,91,90,129,5
639,Terrakion,Rock;Fighting,91,129,90,5
640,Virizion,Grass;Fighting,91,90,72,5
641,TornadusIncarnate Forme,Flying;,79,115,70,5
642,ThundurusIncarnate Forme,Electric;Flying,79,115,70,5
643,Reshiram,Dragon;Fire,100,120,100,5
644,Zekrom,Dragon;Electric,100,150,120,5
645,LandorusIncarnate Forme,Ground;Flying,89,125,90,5
646,Kyurem,Dragon;Ice,125,130,90,5
647,KeldeoOrdinary Forme,Water;Fighting,91,72,90,5
648,MeloettaAria Forme,Normal;Psychic,100,77,77,5
649,Genesect,Bug;Steel,71,120,95,5
650,Chespin,Grass;,56,61,65,6
651,Quilladin,Grass;,61,78,95,6
652,Chesnaught,Grass;Fighting,88,107,122,6
653,Fennekin,Fire;,40,45,40,6
654,Braixen,Fire;,59,59,58,6
655,Delphox,Fire;Psychic,75,69,72,6
656,Froakie,Water;,41,56,40,6
657,Frogadier,Water;,54,63,52,6
658,Greninja,Water;Dark,72,95,67,6
659,Bunnelby,Normal;,38,36,38,6
660,Diggersby,Normal;Ground,85,56,77,6
661,Fletchling,Normal;Flying,45,50,43,6
662,Fletchinder,Fire;Flying,62,73,55,6
663,Talonflame,Fire;Flying,78,81,71,6
664,Scatterbug,Bug;,38,35,40,6
665,Spewpa,Bug;,45,22,60,6
666,Vivillon,Bug;Flying,80,52,50,6
667,Litleo,Fire;Normal,62,50,58,6
668,Pyroar,Fire;Normal,86,68,72,6
669,Flabébé,Fairy;,44,38,39,6
670,Floette,Fairy;,54,45,47,6
671,Florges,Fairy;,78,65,68,6
672,Skiddo,Grass;,66,65,48,6
673,Gogoat,Grass;,123,100,62,6
674,Pancham,Fighting;,67,82,62,6
675,Pangoro,Fighting;Dark,95,124,78,6
676,Furfrou,Normal;,75,80,60,6
677,Espurr,Psychic;,62,48,54,6
678,MeowsticMale,Psychic;,74,48,76,6
679,Honedge,Steel;Ghost,45,80,100,6
680,Doublade,Steel;Ghost,59,110,150,6
681,AegislashBlade Forme,Steel;Ghost,60,150,50,6
682,Spritzee,Fairy;,78,52,60,6
683,Aromatisse,Fairy;,101,72,72,6
684,Swirlix,Fairy;,62,48,66,6
685,Slurpuff,Fairy;,82,80,86,6
686,Inkay,Dark;Psychic,53,54,53,6
687,Malamar,Dark;Psychic,86,92,88,6
688,Binacle,Rock;Water,42,52,67,6
689,Barbaracle,Rock;Water,72,105,115,6
690,Skrelp,Poison;Water,50,60,60,6
691,Dragalge,Poison;Dragon,65,75,90,6
692,Clauncher,Water;,50,53,62,6
693,Clawitzer,Water;,71,73,88,6
694,Helioptile,Electric;Normal,44,38,33,6
695,Heliolisk,Electric;Normal,62,55,52,6
696,Tyrunt,Rock;Dragon,58,89,77,6
697,Tyrantrum,Rock;Dragon,82,121,119,6
698,Amaura,Rock;Ice,77,59,50,6
699,Aurorus,Rock;Ice,123,77,72,6
700,Sylveon,Fairy;,95,65,65,6
701,Hawlucha,Fighting;Flying,78,92,75,6
702,Dedenne,Electric;Fairy,67,58,57,6
703,Carbink,Rock;Fairy,50,50,150,6
704,Goomy,Dragon;,45,50,35,6
705,Sliggoo,Dragon;,68,75,53,6
706,Goodra,Dragon;,90,100,70,6
707,Klefki,Steel;Fairy,57,80,91,6
708,Phantump,Ghost;Grass,43,70,48,6
709,Trevenant,Ghost;Grass,85,110,76,6
710,PumpkabooAverage Size,Ghost;Grass,49,66,70,6
711,GourgeistAverage Size,Ghost;Grass,65,90,122,6
712,Bergmite,Ice;,55,69,85,6
713,Avalugg,Ice;,95,117,184,6
714,Noibat,Flying;Dragon,40,30,35,6
715,Noivern,Flying;Dragon,85,70,80,6
716,Xerneas,Fairy;,126,131,95,6
717,Yveltal,Dark;Flying,126,131,95,6
718,Zygarde50% Forme,Dragon;Ground,108,100,121,6
719,Diancie,Rock;Fairy,50,100,150,6
720,HoopaHoopa Confined,Psychic;Ghost,80,110,60,6
721,Volcanion,Fire;Water,80,110,120,6
